{
	"__comment": "Designed by Blue_Beaker with Cubik Studio - https://cubik.studio",
	"textures": {
		"all": "futuremc:block/bamboo_stalk",
		"particle": "futuremc:block/bamboo_stalk"
	},
	"elements": [ 	 
		{
			"__comment": "Element",
			"from": [ 6.5, 0, 6.5 ],
			"to": [ 9.5, 16, 9.5 ],
			"faces": {
				"down": { "uv": [ 13, 4, 16, 7 ], "texture": "#all", "cullface": "down" },
				"up": { "uv": [ 13, 0, 16, 3 ], "texture": "#all", "cullface": "up" },
				"north": { "uv": [ 0, 0, 3, 16 ], "texture": "#all" },
				"south": { "uv": [ 0, 0, 3, 16 ], "texture": "#all" },
				"west": { "uv": [ 0, 0, 3, 16 ], "texture": "#all" },
				"east": { "uv": [ 0, 0, 3, 16 ], "texture": "#all" }
			}
		},
		{
			"__comment": "Box2",
			"from": [ 6, 10, 6 ],
			"to": [ 10, 11, 10 ],
			"rotation": { "origin": [ 10, 10, 6 ], "axis": "x", "angle": 0 },
			"faces": {
				"down": { "uv": [ 6, 2, 7, 1 ], "texture": "#all", "rotation": 270 },
				"up": { "uv": [ 6, 1, 7, 2 ], "texture": "#all", "rotation": 90 },
				"north": { "uv": [ 6, 1, 7, 2 ], "texture": "#all", "rotation": 270 },
				"south": { "uv": [ 7, 1, 6, 2 ], "texture": "#all", "rotation": 90 },
				"west": { "uv": [ 6, 1, 7, 2 ], "texture": "#all" },
				"east": { "uv": [ 7, 2, 6, 1 ], "texture": "#all" }
			}
		},
		{
			"__comment": "Box2",
			"from": [ 6, 2, 6 ],
			"to": [ 10, 3, 10 ],
			"faces": {
				"down": { "uv": [ 6, 2, 7, 1 ], "texture": "#all", "rotation": 270 },
				"up": { "uv": [ 6, 1, 7, 2 ], "texture": "#all", "rotation": 90 },
				"north": { "uv": [ 6, 1, 7, 2 ], "texture": "#all", "rotation": 270 },
				"south": { "uv": [ 7, 1, 6, 2 ], "texture": "#all", "rotation": 90 },
				"west": { "uv": [ 6, 1, 7, 2 ], "texture": "#all" },
				"east": { "uv": [ 7, 2, 6, 1 ], "texture": "#all" }
			}
		}
	]
}