{
	"__comment": "Designed by Blue_Beaker with Cubik Studio - https://cubik.studio",
	"textures": {
		"all": "futuremc:block/bamboo_stalk",
		"particle": "futuremc:block/bamboo_stalk"
	},
	"elements": [ 	 
		{
			"__comment": "Element",
			"from": [ 7, 0, 7 ],
			"to": [ 9, 16, 9 ],
			"faces": {
				"down": { "uv": [ 13, 4, 15, 6 ], "texture": "#all", "cullface": "down" },
				"up": { "uv": [ 13, 0, 15, 2 ], "texture": "#all", "cullface": "up" },
				"north": { "uv": [ 0, 0, 2, 16 ], "texture": "#all" },
				"south": { "uv": [ 0, 0, 2, 16 ], "texture": "#all" },
				"west": { "uv": [ 0, 0, 2, 16 ], "texture": "#all" },
				"east": { "uv": [ 0, 0, 2, 16 ], "texture": "#all" }
			}
		},
		{
			"__comment": "Box2",
			"from": [ 6.5, 2, 6.5 ],
			"to": [ 9.5, 3, 9.5 ],
			"faces": {
				"down": { "uv": [ 13, 1, 14, 0 ], "texture": "#all" },
				"up": { "uv": [ 13, 0, 14, 1 ], "texture": "#all" },
				"north": { "uv": [ 14, 1, 13, 0 ], "texture": "#all" },
				"south": { "uv": [ 13, 0, 14, 1 ], "texture": "#all" },
				"west": { "uv": [ 13, 0, 14, 1 ], "texture": "#all", "rotation": 270 },
				"east": { "uv": [ 14, 0, 13, 1 ], "texture": "#all", "rotation": 90 }
			}
		},
		{
			"__comment": "Box2",
			"from": [ 6.5, 10, 6.5 ],
			"to": [ 9.5, 11, 9.5 ],
			"faces": {
				"down": { "uv": [ 13, 1, 14, 0 ], "texture": "#all" },
				"up": { "uv": [ 13, 0, 14, 1 ], "texture": "#all" },
				"north": { "uv": [ 14, 1, 13, 0 ], "texture": "#all" },
				"south": { "uv": [ 13, 0, 14, 1 ], "texture": "#all" },
				"west": { "uv": [ 13, 0, 14, 1 ], "texture": "#all", "rotation": 270 },
				"east": { "uv": [ 14, 0, 13, 1 ], "texture": "#all", "rotation": 90 }
			}
		}
	]
}