{
    "textures": {
        "particle": "futuremc:block/composter_compost",
        "inside": "futuremc:block/composter_compost"
    },
    "elements": [
        {
            "from": [
                2,
                0,
                2
            ],
            "to": [
                14,
                15,
                14
            ],
            "faces": {
                "up": {
                    "texture": "#inside",
                    "cullface": "up"
                }
            }
        }
    ]
}
