{
	"__comment": "Designed by Blue_Beaker with Cubik Studio - https://cubik.studio",
	"parent": "block/block",
	"textures": {
		"particle": "futuremc:block/scaffolding_top",
		"top": "futuremc:block/scaffolding_top",
		"side": "futuremc:block/scaffolding_side",
		"bottom": "futuremc:block/scaffolding_bottom"
	},
	"elements": [ 	 
		{
			"__comment": "Box15",
			"from": [ 0, 0, 0 ],
			"to": [ 2, 16, 2 ],
			"faces": {
				"down": { "uv": [ 0, 14, 2, 16 ], "texture": "#bottom", "cullface": "down" },
				"north": { "uv": [ 14, 0, 16, 16 ], "texture": "#side", "cullface": "north" },
				"south": { "uv": [ 0, 0, 2, 16 ], "texture": "#side" },
				"west": { "uv": [ 0, 0, 2, 16 ], "texture": "#side", "cullface": "west" },
				"east": { "uv": [ 14, 0, 16, 16 ], "texture": "#side" }
			}
		},
		{
			"__comment": "Box15",
			"from": [ 0, 0, 14 ],
			"to": [ 2, 16, 16 ],
			"faces": {
				"down": { "uv": [ 0, 0, 2, 2 ], "texture": "#bottom", "cullface": "down" },
				"north": { "uv": [ 14, 0, 16, 16 ], "texture": "#side" },
				"south": { "uv": [ 0, 0, 2, 16 ], "texture": "#side", "cullface": "south" },
				"west": { "uv": [ 14, 0, 16, 16 ], "texture": "#side", "cullface": "west" },
				"east": { "uv": [ 0, 0, 2, 16 ], "texture": "#side" }
			}
		},
		{
			"__comment": "Box15",
			"from": [ 14, 0, 14 ],
			"to": [ 16, 16, 16 ],
			"faces": {
				"down": { "uv": [ 14, 0, 16, 2 ], "texture": "#bottom", "cullface": "down" },
				"north": { "uv": [ 0, 0, 2, 16 ], "texture": "#side" },
				"south": { "uv": [ 14, 0, 16, 16 ], "texture": "#side", "cullface": "south" },
				"west": { "uv": [ 14, 0, 16, 16 ], "texture": "#side" },
				"east": { "uv": [ 0, 0, 2, 16 ], "texture": "#side", "cullface": "east" }
			}
		},
		{
			"__comment": "Box15",
			"from": [ 14, 0, 0 ],
			"to": [ 16, 16, 2 ],
			"faces": {
				"down": { "uv": [ 0, 14, 2, 16 ], "texture": "#bottom", "cullface": "down" },
				"north": { "uv": [ 0, 0, 2, 16 ], "texture": "#side", "cullface": "north" },
				"south": { "uv": [ 0, 0, 2, 16 ], "texture": "#side" },
				"west": { "uv": [ 0, 0, 2, 16 ], "texture": "#side" },
				"east": { "uv": [ 14, 0, 16, 16 ], "texture": "#side", "cullface": "east" }
			}
		},
		{
			"__comment": "Box19",
			"from": [ 0, 14, 14 ],
			"to": [ 16, 16, 16 ],
			"faces": {
				"down": { "uv": [ 0, 0, 16, 2 ], "texture": "#bottom" },
				"up": { "uv": [ 0, 14, 16, 16 ], "texture": "#top", "cullface": "up" },
				"north": { "uv": [ 0, 0, 16, 2 ], "texture": "#side" },
				"south": { "uv": [ 0, 0, 16, 2 ], "texture": "#side", "cullface": "south" }
			}
		},
		{
			"__comment": "Box19",
			"from": [ 0, 14, 0 ],
			"to": [ 2, 16, 16 ],
			"faces": {
				"down": { "uv": [ 0, 0, 2, 16 ], "texture": "#bottom" },
				"up": { "uv": [ 0, 0, 2, 16 ], "texture": "#top", "cullface": "up" },
				"west": { "uv": [ 0, 0, 16, 2 ], "texture": "#side", "cullface": "west" },
				"east": { "uv": [ 0, 0, 16, 2 ], "texture": "#side" }
			}
		},
		{
			"__comment": "Box19",
			"from": [ 14, 14, 0 ],
			"to": [ 16, 16, 16 ],
			"faces": {
				"down": { "uv": [ 14, 0, 16, 16 ], "texture": "#bottom" },
				"up": { "uv": [ 14, 0, 16, 16 ], "texture": "#top", "cullface": "up" },
				"west": { "uv": [ 0, 0, 16, 2 ], "texture": "#side" },
				"east": { "uv": [ 0, 0, 16, 2 ], "texture": "#side", "cullface": "east" }
			}
		},
		{
			"__comment": "Box19",
			"from": [ 0, 14, 0 ],
			"to": [ 16, 16, 2 ],
			"faces": {
				"down": { "uv": [ 0, 14, 16, 16 ], "texture": "#bottom" },
				"up": { "uv": [ 0, 0, 16, 2 ], "texture": "#top", "cullface": "up" },
				"north": { "uv": [ 0, 0, 16, 2 ], "texture": "#side", "cullface": "north" },
				"south": { "uv": [ 0, 0, 16, 2 ], "texture": "#side" }
			}
		},
		{
			"__comment": "Box27",
			"from": [ 5, 15, 2 ],
			"to": [ 6, 15.5, 14 ],
			"faces": {
				"down": { "uv": [ 5, 14, 6, 2 ], "texture": "#top" },
				"up": { "uv": [ 5, 2, 6, 14 ], "texture": "#top" },
				"west": { "uv": [ 5, 2, 6, 14 ], "texture": "#top", "rotation": 270 },
				"east": { "uv": [ 6, 2, 5, 14 ], "texture": "#top", "rotation": 90 }
			}
		},
		{
			"__comment": "Box27",
			"from": [ 10, 15, 2 ],
			"to": [ 11, 15.5, 14 ],
			"faces": {
				"down": { "uv": [ 10, 14, 11, 2 ], "texture": "#top" },
				"up": { "uv": [ 10, 2, 11, 14 ], "texture": "#top" },
				"west": { "uv": [ 10, 2, 11, 14 ], "texture": "#top", "rotation": 270 },
				"east": { "uv": [ 11, 2, 10, 14 ], "texture": "#top", "rotation": 90 }
			}
		},
		{
			"__comment": "Box27",
			"from": [ 2, 14.5, 5 ],
			"to": [ 14, 15, 6 ],
			"faces": {
				"down": { "uv": [ 2, 6, 14, 5 ], "texture": "#top" },
				"up": { "uv": [ 2, 5, 14, 6 ], "texture": "#top" },
				"north": { "uv": [ 14, 6, 2, 5 ], "texture": "#top" },
				"south": { "uv": [ 2, 5, 14, 6 ], "texture": "#top" }
			}
		},
		{
			"__comment": "Box27",
			"from": [ 2, 14.5, 10 ],
			"to": [ 14, 15, 11 ],
			"faces": {
				"down": { "uv": [ 2, 11, 14, 10 ], "texture": "#top" },
				"up": { "uv": [ 2, 10, 14, 11 ], "texture": "#top" },
				"north": { "uv": [ 14, 11, 2, 10 ], "texture": "#top" },
				"south": { "uv": [ 2, 10, 14, 11 ], "texture": "#top" }
			}
		}
	],
	"display": {
		"thirdperson_righthand": {
			"rotation":  [ 75, 45, 0 ],
			"translation":  [ 0, 2.5, 0 ],
			"scale":  [ 0.375, 0.375, 0.375 ]
		},
		"thirdperson_lefthand": {
			"rotation":  [ 75, 45, 0 ],
			"translation":  [ 0, 2.5, 0 ],
			"scale":  [ 0.375, 0.375, 0.375 ]
		},
		"firstperson_righthand": {
			"rotation":  [ 0, 45, 0 ],
			"scale":  [ 0.4, 0.4, 0.4 ]
		},
		"firstperson_lefthand": {
			"rotation":  [ 0, 45, 0 ],
			"scale":  [ 0.4, 0.4, 0.4 ]
		},
		"gui": {
			"rotation":  [ 30, 225, 0 ],
			"scale":  [ 0.625, 0.625, 0.625 ]
		},
		"ground": {
			"translation":  [ 0, 3, 0 ],
			"scale":  [ 0.25, 0.25, 0.25 ]
		},
		"fixed": {
			"scale":  [ 0.5, 0.5, 0.5 ]
		}
	}
}